,0
2021-01-01,1.0
2021-01-04,1.0
2021-01-05,1.0
2021-01-06,1.0
2021-01-07,1.0
2021-01-08,1.0
2021-01-11,1.0
2021-01-12,1.0
2021-01-13,1.0
2021-01-14,1.0
2021-01-15,1.0
2021-01-18,1.0
2021-01-19,1.0
2021-01-20,1.0
2021-01-21,1.0
2021-01-22,1.0
2021-01-25,1.0
2021-01-26,1.0
2021-01-27,1.0
2021-01-28,1.0
2021-01-29,1.0
2021-02-01,1.0
2021-02-02,1.0
2021-02-03,1.0
2021-02-04,1.0
2021-02-05,1.0
2021-02-08,1.0
2021-02-09,1.0
2021-02-10,1.0
2021-02-11,1.0
2021-02-12,1.0
2021-02-15,1.0
2021-02-16,0.9999666666666667
2021-02-17,1.0015411631432074
2021-02-18,1.0014666490896442
2021-02-19,1.0017246121767682
2021-02-22,1.0010527206405095
2021-02-23,1.000894732717664
2021-02-24,1.0001324624182537
2021-02-25,1.0007284563759453
2021-02-26,1.0007296076800285
2021-03-01,1.0016063766015972
2021-03-02,1.0024216112992375
2021-03-03,1.0024216112992375
2021-03-04,1.0024216112992375
2021-03-05,1.0024216112992375
2021-03-08,1.0024216112992375
2021-03-09,1.0024216112992375
2021-03-10,1.0024216112992375
2021-03-11,1.0024216112992375
2021-03-12,1.0024216112992375
2021-03-15,1.0024216112992375
2021-03-16,1.0024216112992375
2021-03-17,1.0024216112992375
2021-03-18,1.0024216112992375
2021-03-19,1.0023881972455275
2021-03-22,1.002555031136425
2021-03-23,1.0008637989366405
2021-03-24,1.002026763675562
2021-03-25,1.0024318941280883
2021-03-26,1.0039240070424251
2021-03-29,1.0043270073020227
2021-03-30,1.0038322578160113
2021-03-31,1.0052969867994688
2021-04-01,1.0060575270008651
2021-04-02,1.0046782917955228
2021-04-05,1.0085488962197409
2021-04-06,1.0078835992909045
2021-04-07,1.0102835260744156
2021-04-08,1.015240872449416
2021-04-09,1.0190282529587125
2021-04-12,1.0162109309008114
2021-04-13,1.0184804410570467
2021-04-14,1.021421092020845
2021-04-15,1.0208658626206506
2021-04-16,1.0198685128879958
2021-04-19,1.0188613362356898
2021-04-20,1.0136965602801304
2021-04-21,1.013481733504356
2021-04-22,1.014455402651536
2021-04-23,1.0150685415911616
2021-04-26,1.0150685415911616
2021-04-27,1.0150685415911616
2021-04-28,1.0150685415911616
2021-04-29,1.0150685415911616
2021-04-30,1.0150685415911616
2021-05-03,1.0150685415911616
2021-05-04,1.0150685415911616
2021-05-05,1.0150347059731086
2021-05-06,1.0141099031778809
2021-05-07,1.0138815292371137
2021-05-10,1.014954610251631
2021-05-11,1.0189688204419807
2021-05-12,1.0189688204419807
2021-05-13,1.0189688204419807
2021-05-14,1.0189688204419807
2021-05-17,1.0189688204419807
2021-05-18,1.0189688204419807
2021-05-19,1.0189688204419807
2021-05-20,1.0189688204419807
2021-05-21,1.0189688204419807
2021-05-24,1.0189688204419807
2021-05-25,1.0189688204419807
2021-05-26,1.0189688204419807
2021-05-27,1.0189688204419807
2021-05-28,1.0189688204419807
2021-05-31,1.0189688204419807
2021-06-01,1.0189688204419807
2021-06-02,1.0189688204419807
2021-06-03,1.0189688204419807
2021-06-04,1.0189688204419807
2021-06-07,1.0189688204419807
2021-06-08,1.0189688204419807
2021-06-09,1.0189688204419807
2021-06-10,1.0189688204419807
2021-06-11,1.0189688204419807
2021-06-14,1.0189688204419807
2021-06-15,1.0189688204419807
2021-06-16,1.0189688204419807
2021-06-17,1.0189688204419807
2021-06-18,1.0189688204419807
2021-06-21,1.0189688204419807
2021-06-22,1.0189688204419807
2021-06-23,1.0189688204419807
2021-06-24,1.0189688204419807
2021-06-25,1.0189688204419807
2021-06-28,1.0189348548146326
2021-06-29,1.0198139349046447
2021-06-30,1.0206773423276236
2021-07-01,1.0202769657876436
2021-07-02,1.0185798099231818
2021-07-05,1.0214724286973553
2021-07-06,1.017400708767761
2021-07-07,1.0172021734640722
2021-07-08,1.0166550162687948
2021-07-09,1.0212688850457123
2021-07-12,1.0171335447836076
2021-07-13,1.0195600589766247
2021-07-14,1.0227076732884872
2021-07-15,1.0184563896947347
2021-07-16,1.0129721497244346
2021-07-19,1.0144804925807744
2021-07-20,1.0149827106039082
2021-07-21,1.0152256521510667
2021-07-22,1.0170165672200169
2021-07-23,1.0255437821287854
2021-07-26,1.0255437821287854
2021-07-27,1.0255437821287854
2021-07-28,1.0255437821287854
2021-07-29,1.0255437821287854
2021-07-30,1.0255437821287854
2021-08-02,1.0255437821287854
2021-08-03,1.0255437821287854
2021-08-04,1.0255437821287854
2021-08-05,1.0255437821287854
2021-08-06,1.0255437821287854
2021-08-09,1.0255437821287854
2021-08-10,1.0255095973360477
2021-08-11,1.0251811193941864
2021-08-12,1.0234721005852319
2021-08-13,1.0259958469339179
2021-08-16,1.024805103821039
2021-08-17,1.0254145218263735
2021-08-18,1.0250246916054122
2021-08-19,1.0274546201609942
2021-08-20,1.027969567187516
2021-08-23,1.028065300653701
2021-08-24,1.0295789983576742
2021-08-25,1.0295789983576742
2021-08-26,1.029544679057729
2021-08-27,1.031299831154337
2021-08-30,1.0315760323279304
2021-08-31,1.0312276905128523
2021-09-01,1.0303385493174129
2021-09-02,1.0294070490016114
2021-09-03,1.0280600991527964
2021-09-06,1.0329746255020107
2021-09-07,1.0275087943101069
2021-09-08,1.0307333004602746
2021-09-09,1.0311100379088467
2021-09-10,1.0303697293066776
2021-09-13,1.0263821598307716
2021-09-14,1.0223778765887075
2021-09-15,1.0237571803213137
2021-09-16,1.0213921494520444
2021-09-17,1.018271830009829
2021-09-20,1.0160036011885674
2021-09-21,1.0153987465416552
2021-09-22,1.01428005941181
2021-09-23,1.0183540407785336
2021-09-24,1.0192724799188744
2021-09-27,1.0218076461230186
2021-09-28,1.0209987795165827
2021-09-29,1.0259661018620696
2021-09-30,1.0293196752782168
2021-10-01,1.0289863258760854
2021-10-04,1.025766744668306
2021-10-05,1.026350744356412
2021-10-06,1.0271348097079773
2021-10-07,1.0284843572899625
2021-10-08,1.0307421213412817
2021-10-11,1.0307421213412817
2021-10-12,1.0307077632705703
2021-10-13,1.031696090495696
2021-10-14,1.035029954908581
2021-10-15,1.034995453910084
2021-10-18,1.036766332263486
2021-10-19,1.0357692629414754
2021-10-20,1.0354190644058117
2021-10-21,1.0353857766591998
2021-10-22,1.0352430084028568
2021-10-25,1.0357884052871302
2021-10-26,1.0340949716249883
2021-10-27,1.0338154338137822
2021-10-28,1.0339221808067198
2021-10-29,1.0328014103454313
2021-11-01,1.0322030907937136
2021-11-02,1.0322025179012084
2021-11-03,1.0323860971265857
2021-11-04,1.0306113554632768
2021-11-05,1.030607884285381
2021-11-08,1.0314177308002368
2021-11-09,1.0356863440536836
2021-11-10,1.0347151341316492
2021-11-11,1.0318403400136218
2021-11-12,1.0307280713173983
2021-11-15,1.029627263058241
2021-11-16,1.031496376296114
2021-11-17,1.03020856195464
2021-11-18,1.0327651342628426
2021-11-19,1.0349658722542205
2021-11-22,1.0335161455185118
2021-11-23,1.0407813639400936
2021-11-24,1.0409537276002812
2021-11-25,1.043341512900248
2021-11-26,1.0416517482155445
2021-11-29,1.0415128764566066
2021-11-30,1.0427566781674749
2021-12-01,1.0442000001616525
2021-12-02,1.0442610735704274
2021-12-03,1.0423640988673901
2021-12-06,1.0413007149780442
2021-12-07,1.0399439307667997
2021-12-08,1.0396201482653682
2021-12-09,1.037105248973689
2021-12-10,1.0373076726737978
2021-12-13,1.0382343150740962
2021-12-14,1.038027003266
2021-12-15,1.0386607902699703
2021-12-16,1.0373955520175482
2021-12-17,1.035391395839501
2021-12-20,1.0333972668590627
2021-12-21,1.0355168173270561
2021-12-22,1.0395933595129545
2021-12-23,1.0407135295056638
2021-12-24,1.0440700138535717
2021-12-27,1.041167965345221
2021-12-28,1.0513950808282633
2021-12-29,1.0522107078809497
2021-12-30,1.0535274077419068
2021-12-31,1.0535799674650512
2022-01-03,1.0540776485398224
2022-01-04,1.0555727777185513
2022-01-05,1.0555727777185513
2022-01-06,1.0555727777185513
2022-01-07,1.0555727777185513
2022-01-10,1.0555727777185513
2022-01-11,1.0555727777185513
2022-01-12,1.0555727777185513
2022-01-13,1.0555727777185513
2022-01-14,1.0555727777185513
2022-01-17,1.0555727777185513
2022-01-18,1.0555727777185513
2022-01-19,1.055537591959294
2022-01-20,1.0601978136612553
2022-01-21,1.0620427225154505
2022-01-24,1.0586214829640281
2022-01-25,1.055880813661602
2022-01-26,1.048059447052488
2022-01-27,1.0502290052250365
2022-01-28,1.050278081957014
2022-01-31,1.053288250665965
2022-02-01,1.047586998184295
2022-02-02,1.0468811385160608
2022-02-03,1.0407265292282468
2022-02-04,1.041055593854186
2022-02-07,1.0417932546198647
2022-02-08,1.0402756538754245
2022-02-09,1.0411448119932065
2022-02-10,1.0469424874842685
2022-02-11,1.0480483742734068
2022-02-14,1.0503720183407979
2022-02-15,1.045428532476417
2022-02-16,1.0502001890770274
2022-02-17,1.0473558498795417
2022-02-18,1.0474364265141647
2022-02-21,1.0397796934274073
2022-02-22,1.036192178915126
2022-02-23,1.0346579685946506
2022-02-24,1.035474033524863
2022-02-25,1.0394515416066816
2022-02-28,1.04108924713365
2022-03-01,1.0442122237497915
2022-03-02,1.0440546752773017
2022-03-03,1.0396839283182249
2022-03-04,1.0439664758923228
2022-03-07,1.0436258282368185
2022-03-08,1.0458438086727582
2022-03-09,1.0446850165431438
2022-03-10,1.0436213457554961
2022-03-11,1.0435047280571204
2022-03-14,1.0427765239267255
2022-03-15,1.042410392034183
2022-03-16,1.0437561734268999
2022-03-17,1.0439097912491426
2022-03-18,1.0446365629659418
2022-03-21,1.0465356262171557
2022-03-22,1.0471830976374044
2022-03-23,1.0468995666780063
2022-03-24,1.0468980470596503
2022-03-25,1.0469781845269388
2022-03-28,1.0464667388749072
2022-03-29,1.0459255931515063
2022-03-30,1.0449802627605234
2022-03-31,1.046944141034261
2022-04-01,1.047170282649075
2022-04-04,1.0486699185551926
2022-04-05,1.0486699185551926
2022-04-06,1.0486699185551926
2022-04-07,1.0486699185551926
2022-04-08,1.0486349628912408
2022-04-11,1.0489113088095006
2022-04-12,1.0479666568630355
2022-04-13,1.0488943141641789
2022-04-14,1.0507707517400946
2022-04-15,1.0484981731768208
2022-04-18,1.0547002889371577
2022-04-19,1.0552506755628805
2022-04-20,1.0561406342493558
2022-04-21,1.0540609723380165
2022-04-22,1.0558401755978803
2022-04-25,1.0565230601302373
2022-04-26,1.05356293942761
2022-04-27,1.0533164106404487
2022-04-28,1.0528813738415297
2022-04-29,1.0533782253921002
2022-05-02,1.0554565265551317
2022-05-03,1.0587406406231081
2022-05-04,1.0583509227401051
2022-05-05,1.0567523400223944
2022-05-06,1.058506595371014
2022-05-09,1.055491371255046
2022-05-10,1.0560911258033239
2022-05-11,1.0601224159569191
2022-05-12,1.0642579309596112
2022-05-13,1.0601135141314295
2022-05-16,1.0594359891266096
2022-05-17,1.0621254005651488
2022-05-18,1.060532601578575
2022-05-19,1.0594359126154058
2022-05-20,1.0643244217593075
2022-05-23,1.0637524543662886
2022-05-24,1.0622907328114524
2022-05-25,1.0610376143141977
2022-05-26,1.0606465857813443
2022-05-27,1.06040187049455
2022-05-30,1.0620236921283273
2022-05-31,1.0623102132198605
2022-06-01,1.0621154235343013
2022-06-02,1.0627710399803154
2022-06-03,1.062717266115356
2022-06-06,1.063891535401036
2022-06-07,1.063891535401036
2022-06-08,1.063856072349856
2022-06-09,1.0646102047599353
2022-06-10,1.0642693983087612
2022-06-13,1.0647954764006442
2022-06-14,1.0632540967559725
2022-06-15,1.062909958444439
2022-06-16,1.0630799801982047
2022-06-17,1.0636612742670917
2022-06-20,1.0637129643666583
2022-06-21,1.0653540570236328
2022-06-22,1.0645989582122202
2022-06-23,1.0657514595305533
2022-06-24,1.0657514595305533
2022-06-27,1.0657514595305533
2022-06-28,1.0657159344819023
2022-06-29,1.0696753634066505
2022-06-30,1.0661605463114514
2022-07-01,1.0713953700793455
2022-07-04,1.0713953700793455
2022-07-05,1.0713953700793455
2022-07-06,1.0713953700793455
2022-07-07,1.0713596569003427
2022-07-08,1.0718704782913901
2022-07-11,1.073477306953108
2022-07-12,1.069166165725445
2022-07-13,1.067316018133181
2022-07-14,1.0653493146942847
2022-07-15,1.0699516312948056
2022-07-18,1.069759465653583
2022-07-19,1.0689811987006632
2022-07-20,1.071227979158764
2022-07-21,1.0702967517110804
2022-07-22,1.070178148605411
2022-07-25,1.0702142042564062
2022-07-26,1.0669150752014451
2022-07-27,1.072650230304134
2022-07-28,1.0813402734381177
2022-07-29,1.0820809324256513
2022-08-01,1.0885785116637523
2022-08-02,1.0868184253746895
2022-08-03,1.0874690499491004
2022-08-04,1.0877988984125209
2022-08-05,1.088262169199486
2022-08-08,1.0900204689014175
2022-08-09,1.0910007349077546
2022-08-10,1.0910007349077546
2022-08-11,1.0910007349077546
2022-08-12,1.0910007349077546
2022-08-15,1.0910007349077546
2022-08-16,1.0910007349077546
2022-08-17,1.0910007349077546
2022-08-18,1.0910007349077546
2022-08-19,1.0910007349077546
2022-08-22,1.0910007349077546
2022-08-23,1.0910007349077546
2022-08-24,1.0910007349077546
2022-08-25,1.0910007349077546
2022-08-26,1.0910007349077546
2022-08-29,1.0910007349077546
2022-08-30,1.0910007349077546
2022-08-31,1.0910007349077546
2022-09-01,1.0910007349077546
2022-09-02,1.0910007349077546
2022-09-05,1.0910007349077546
2022-09-06,1.0910007349077546
2022-09-07,1.090964368216591
2022-09-08,1.0895166590647436
2022-09-09,1.0909574325686993
2022-09-12,1.0859711396921374
2022-09-13,1.0903256543644229
2022-09-14,1.0907773157146887
2022-09-15,1.0857091551903244
2022-09-16,1.0817857334781886
2022-09-19,1.0829701170023511
2022-09-20,1.0906991348657775
2022-09-21,1.095963049693332
2022-09-22,1.0974915774218694
2022-09-23,1.1016023706866427
2022-09-26,1.1016023706866427
2022-09-27,1.1016023706866427
2022-09-28,1.1016023706866427
2022-09-29,1.1016023706866427
2022-09-30,1.1016023706866427
2022-10-03,1.1016023706866427
2022-10-04,1.1016023706866427
2022-10-05,1.1016023706866427
2022-10-06,1.1016023706866427
2022-10-07,1.1016023706866427
2022-10-10,1.1016023706866427
2022-10-11,1.1016023706866427
2022-10-12,1.1016023706866427
2022-10-13,1.1016023706866427
2022-10-14,1.1016023706866427
2022-10-17,1.1016023706866427
2022-10-18,1.1016023706866427
2022-10-19,1.10156565060762
2022-10-20,1.1028223315619785
2022-10-21,1.0973766096385644
2022-10-24,1.0985552981649966
2022-10-25,1.10252461497662
2022-10-26,1.1017137630218699
2022-10-27,1.1013743600976087
2022-10-28,1.098974083922123
2022-10-31,1.100463682376943
2022-11-01,1.1097696091233102
2022-11-02,1.1124796884757095
2022-11-03,1.1124796884757095
2022-11-04,1.1124796884757095
2022-11-07,1.1124796884757095
2022-11-08,1.1124796884757095
2022-11-09,1.1124796884757095
2022-11-10,1.1124796884757095
2022-11-11,1.1124796884757095
2022-11-14,1.1124796884757095
2022-11-15,1.1124796884757095
2022-11-16,1.1124796884757095
2022-11-17,1.1124796884757095
2022-11-18,1.1124796884757095
2022-11-21,1.112442605819427
2022-11-22,1.113292916915564
2022-11-23,1.1135783942330146
2022-11-24,1.1150796582651237
2022-11-25,1.1156827052137788
2022-11-28,1.115337473819542
2022-11-29,1.120302390678036
2022-11-30,1.1173953025127548
2022-12-01,1.1184729904092363
2022-12-02,1.121606553977803
2022-12-05,1.1207392591316487
2022-12-06,1.122743780518842
2022-12-07,1.122922459111595
2022-12-08,1.1225796644577242
2022-12-09,1.1239169120303185
2022-12-12,1.1238794481332508
2022-12-13,1.122644024841154
2022-12-14,1.1172205854834567
2022-12-15,1.1263454541524813
2022-12-16,1.1229248161756311
2022-12-19,1.1191980166483868
2022-12-20,1.123322889605331
2022-12-21,1.1185056647416995
2022-12-22,1.1130899118303677
2022-12-23,1.1181030959378346
2022-12-26,1.1212535444370708
2022-12-27,1.1219705275311642
2022-12-28,1.124315544088296
2022-12-29,1.1285079295973928
2022-12-30,1.1337175531851882
2023-01-02,1.1337175531851882
2023-01-03,1.1337175531851882
2023-01-04,1.1337175531851882
2023-01-05,1.1337175531851882
2023-01-06,1.1337175531851882
2023-01-09,1.1337175531851882
2023-01-10,1.1337175531851882
2023-01-11,1.1337175531851882
2023-01-12,1.1337175531851882
2023-01-13,1.1337175531851882
2023-01-16,1.1337175531851882
2023-01-17,1.1337175531851882
2023-01-18,1.133679762600082
2023-01-19,1.1427304211981024
2023-01-20,1.1373256748064426
2023-01-23,1.1341539364064754
2023-01-24,1.1323226077121098
2023-01-25,1.1303133833673522
2023-01-26,1.1361328825867638
2023-01-27,1.1349564965611427
2023-01-30,1.1305219680208047
2023-01-31,1.1326195484043877
2023-02-01,1.1326429942166527
2023-02-02,1.1303822241105794
2023-02-03,1.1303840908669363
2023-02-06,1.1292365013675119
2023-02-07,1.1367857616580952
2023-02-08,1.1367308858191407
2023-02-09,1.137246400287881
2023-02-10,1.1371727217272665
2023-02-13,1.1368865407298951
2023-02-14,1.1362825794250995
2023-02-15,1.1375625789058537
2023-02-16,1.137766981572307
2023-02-17,1.13819791826364
2023-02-20,1.1371159671225102
2023-02-21,1.1365767938909916
2023-02-22,1.1370778806574864
2023-02-23,1.1375554939378918
2023-02-24,1.1341469622488896
2023-02-27,1.1376974212076576
2023-02-28,1.1450766040219533
2023-03-01,1.1456048825045033
2023-03-02,1.1456048825045033
2023-03-03,1.1455666956750865
2023-03-06,1.1465331771863039
2023-03-07,1.142270874649223
2023-03-08,1.142788000372664
2023-03-09,1.1421450927236265
2023-03-10,1.1401937495090155
2023-03-13,1.1398836399429384
2023-03-14,1.1330438743936904
2023-03-15,1.135523276611207
2023-03-16,1.1414236795481507
2023-03-17,1.135767827178817
2023-03-20,1.1336805991081202
2023-03-21,1.13366035742181
2023-03-22,1.143432256125427
2023-03-23,1.1432478708815748
2023-03-24,1.1508454966729658
2023-03-27,1.1558583682848345
2023-03-28,1.1570934911667086
2023-03-29,1.1556593883578723
2023-03-30,1.158411122415854
2023-03-31,1.158411122415854
2023-04-03,1.158411122415854
2023-04-04,1.158411122415854
2023-04-05,1.158411122415854
2023-04-06,1.158411122415854
2023-04-07,1.158411122415854
2023-04-10,1.158411122415854
2023-04-11,1.1583725087117736
2023-04-12,1.1601400715654508
2023-04-13,1.1610993879318046
2023-04-14,1.1547462973876415
2023-04-17,1.1591629551480265
2023-04-18,1.1585861401137538
2023-04-19,1.1663052367122757
2023-04-20,1.1619488837876915
2023-04-21,1.166060108089942
2023-04-24,1.1669088667825422
2023-04-25,1.1686186348160847
2023-04-26,1.1670672657613337
2023-04-27,1.165575765995086
2023-04-28,1.1665938107875509
2023-05-01,1.169445167326151
2023-05-02,1.1674562756763585
2023-05-03,1.1639700396431918
2023-05-04,1.1674484099203695
2023-05-05,1.1710631300153589
2023-05-08,1.172045862289744
2023-05-09,1.172045862289744
2023-05-10,1.172045862289744
2023-05-11,1.172045862289744
2023-05-12,1.172045862289744
2023-05-15,1.1719677258989247
2023-05-16,1.1742155151829126
2023-05-17,1.1612394297202422
2023-05-18,1.1578345982820344
2023-05-19,1.1491666269292056
2023-05-22,1.1452980726657507
2023-05-23,1.151050557161089
2023-05-24,1.1466011452502256
2023-05-25,1.1490111059516077
2023-05-26,1.147649918101245
2023-05-29,1.1561203917518745
2023-05-30,1.162547283425564
2023-05-31,1.1747840460206453
2023-06-01,1.1727657579881006
2023-06-02,1.1686870751401102
2023-06-05,1.1731658454296148
2023-06-06,1.174730774672476
2023-06-07,1.1808235661270379
2023-06-08,1.1824071699499126
2023-06-09,1.179820883772136
2023-06-12,1.179820883772136
2023-06-13,1.179820883772136
2023-06-14,1.179820883772136
2023-06-15,1.179820883772136
2023-06-16,1.179820883772136
2023-06-19,1.179820883772136
2023-06-20,1.1797815564093437
2023-06-21,1.1751164295928562
2023-06-22,1.1749198666622325
2023-06-23,1.1714656444885425
2023-06-26,1.174102451621272
2023-06-27,1.182374746499018
2023-06-28,1.1774932108946576
2023-06-29,1.1744202892423097
2023-06-30,1.1735990350890826
2023-07-03,1.1740582050811648
2023-07-04,1.1761991319660083
2023-07-05,1.1787684140742247
2023-07-06,1.175163902287692
2023-07-07,1.1741517212222587
2023-07-10,1.1736068781291278
2023-07-11,1.1734122967820306
2023-07-12,1.171430860517095
2023-07-13,1.1710086703676703
2023-07-14,1.1699849037992722
2023-07-17,1.1740452295888266
2023-07-18,1.173467246531705
2023-07-19,1.1683792878535657
2023-07-20,1.1707995092845038
2023-07-21,1.1742565128046427
2023-07-24,1.1707174169749992
2023-07-25,1.169818543647678
2023-07-26,1.167272737385056
2023-07-27,1.1726952509157031
2023-07-28,1.1751321484285626
2023-07-31,1.1744780655866247
2023-08-01,1.173228594875393
2023-08-02,1.1703255302566054
2023-08-03,1.1681119168321021
2023-08-04,1.1674680805180158
2023-08-07,1.1681985380484956
2023-08-08,1.1692893500214425
2023-08-09,1.170005618379644
2023-08-10,1.1714676937638593
2023-08-11,1.1720642065974238
2023-08-14,1.1758295325319867
2023-08-15,1.1721939306459943
2023-08-16,1.170778588782812
2023-08-17,1.174493685649526
2023-08-18,1.173211991174793
2023-08-21,1.1684766557095385
2023-08-22,1.1592218109542491
2023-08-23,1.1534075873543563
2023-08-24,1.149407460436107
2023-08-25,1.141563516789675
2023-08-28,1.1475324608267805
2023-08-29,1.1473569557710037
2023-08-30,1.1380343779380997
2023-08-31,1.1362699894561676
2023-09-01,1.1335809457416457
2023-09-04,1.1419518819908616
2023-09-05,1.14471674528528
2023-09-06,1.1389020703118924
2023-09-07,1.1343281595833035
2023-09-08,1.131188737959156
2023-09-11,1.1364467786594683
2023-09-12,1.1272628884545979
2023-09-13,1.1273824457597443
2023-09-14,1.1302059364908095
2023-09-15,1.125166966663715
2023-09-18,1.1293545719753546
2023-09-19,1.1339571659989351
2023-09-20,1.1376333123837368
2023-09-21,1.1462005137191635
2023-09-22,1.1462005137191635
2023-09-25,1.1461623070353728
2023-09-26,1.1478622889762684
2023-09-27,1.1491366729629133
2023-09-28,1.1483249612293223
2023-09-29,1.1462035006527256
2023-10-02,1.1443969876794444
2023-10-03,1.141292809725415
2023-10-04,1.1412991511797714
2023-10-05,1.1414738207000652
2023-10-06,1.140438490964566
2023-10-09,1.1409206220945927
2023-10-10,1.1415002725962833
2023-10-11,1.1435144065089358
2023-10-12,1.1424050948921585
2023-10-13,1.1444557795083696
2023-10-16,1.144033946272814
2023-10-17,1.1465032433494577
2023-10-18,1.1465032433494577
2023-10-19,1.1465032433494577
2023-10-20,1.1465032433494577
2023-10-23,1.1465032433494577
2023-10-24,1.1465032433494577
2023-10-25,1.1464650265746794
2023-10-26,1.1431976745992654
2023-10-27,1.145225619728364
2023-10-30,1.144736762624417
2023-10-31,1.1420872390756058
2023-11-01,1.1417819951418753
2023-11-02,1.147462129611369
2023-11-03,1.1452038494442296
2023-11-06,1.1449975227354292
2023-11-07,1.1480626216005374
2023-11-08,1.1465125446366857
2023-11-09,1.1466408333421416
2023-11-10,1.1456445216555795
2023-11-13,1.1494638983865084
2023-11-14,1.1470029675891673
2023-11-15,1.1483004278559377
2023-11-16,1.1499323069362515
2023-11-17,1.1467747623893603
2023-11-20,1.1441368342695535
2023-11-21,1.1452455762562337
2023-11-22,1.1446587716047492
2023-11-23,1.145476409257013
2023-11-24,1.1474835744852618
2023-11-27,1.1469612988017643
2023-11-28,1.1453656149040565
2023-11-29,1.1410960867565323
2023-11-30,1.1417619338889702
2023-12-01,1.140558636651229
2023-12-04,1.13946956276986
2023-12-05,1.140947042156996
2023-12-06,1.1404082410482974
2023-12-07,1.1427386039910767
2023-12-08,1.1469643869087984
2023-12-11,1.1472345864615703
2023-12-12,1.149993569919182
2023-12-13,1.1539155572088844
2023-12-14,1.1578310652719668
2023-12-15,1.1582437835177635
2023-12-18,1.1653652210890275
2023-12-19,1.1653652210890275
2023-12-20,1.1653263755816579
2023-12-21,1.1673043010094102
2023-12-22,1.1619615628513824
2023-12-25,1.1617702210104652
2023-12-26,1.162517334132424
2023-12-27,1.163178826595126
2023-12-28,1.161720028326717
2023-12-29,1.16171154972539
2024-01-01,1.1622422647618547
2024-01-02,1.159140166084999
2024-01-03,1.1611687260243846
2024-01-04,1.1638507637225053
2024-01-05,1.1617975933760374
2024-01-08,1.1600482939311731
2024-01-09,1.1573374544222244
2024-01-10,1.1605192403336961
2024-01-11,1.1577345178968892
2024-01-12,1.1567484562208556
2024-01-15,1.1523542822374921
2024-01-16,1.155409877079279
2024-01-17,1.1490837200105066
2024-01-18,1.1516400256085149
2024-01-19,1.1599603198876514
2024-01-22,1.1558863379869895
2024-01-23,1.1612671808618578
2024-01-24,1.1561914256490766
2024-01-25,1.1526454885779525
2024-01-26,1.1543762319466047
2024-01-29,1.160493173852727
2024-01-30,1.1579051765357382
2024-01-31,1.1664765483226875
2024-02-01,1.1670150095119178
2024-02-02,1.1705080815323827
2024-02-05,1.1677046260866113
2024-02-06,1.1675125811096205
2024-02-07,1.1672478089668668
2024-02-08,1.1671365505681068
2024-02-09,1.1660299266381098
2024-02-12,1.165128281614123
2024-02-13,1.1637169341387856
2024-02-14,1.1591722741902415
2024-02-15,1.160189493354955
2024-02-16,1.163269351982921
2024-02-19,1.1602973115406494
2024-02-20,1.1571848684774497
2024-02-21,1.159247209935108
2024-02-22,1.1679620179208239
2024-02-23,1.165281585633096
2024-02-26,1.1652266890546832
2024-02-27,1.1720194626772606
2024-02-28,1.1738252241012335
2024-02-29,1.1776762658401867
2024-03-01,1.1830070277796336
2024-03-04,1.1830070277796336
2024-03-05,1.1830070277796336
2024-03-06,1.1830070277796336
2024-03-07,1.1830070277796336
2024-03-08,1.1830070277796336
2024-03-11,1.1830070277796336
2024-03-12,1.1830070277796336
2024-03-13,1.1830070277796336
2024-03-14,1.1830070277796336
2024-03-15,1.1830070277796336
2024-03-18,1.1830070277796336
2024-03-19,1.1830070277796336
2024-03-20,1.1830070277796336
2024-03-21,1.1830070277796336
2024-03-22,1.182967594212041
2024-03-25,1.1883635413035696
2024-03-26,1.1915673603001873
2024-03-27,1.193969084868458
2024-03-28,1.1985235197785158
2024-03-29,1.1987621641400668
2024-04-01,1.2001089428308316
2024-04-02,1.2006304193711184
2024-04-03,1.1998136154971089
2024-04-04,1.2014328418488114
2024-04-05,1.2000480504429616
2024-04-08,1.2019774887560444
2024-04-09,1.205112721983482
2024-04-10,1.205112721983482
2024-04-11,1.205112721983482
2024-04-12,1.205112721983482
2024-04-15,1.205112721983482
2024-04-16,1.205112721983482
2024-04-17,1.205072551559416
2024-04-18,1.204051444280339
2024-04-19,1.2040272884130667
2024-04-22,1.2019762799477083
2024-04-23,1.1890372938181266
2024-04-24,1.1891881161612867
2024-04-25,1.184756516944411
2024-04-26,1.1883797879799634
2024-04-29,1.1950426230724989
2024-04-30,1.1988315536026506
2024-05-01,1.2007144435246073
2024-05-02,1.203238976306354
2024-05-03,1.2069862083038463
2024-05-06,1.2084633964343463
2024-05-07,1.19883153903096
2024-05-08,1.1945872472769186
2024-05-09,1.1888724772957149
2024-05-10,1.188629871875902
2024-05-13,1.1893008132949978
2024-05-14,1.1886181824693554
2024-05-15,1.1826718372556249
2024-05-16,1.1852315799039927
2024-05-17,1.1848837819952336
2024-05-20,1.1790455300614158
2024-05-21,1.184508704968172
2024-05-22,1.1874481129438843
2024-05-23,1.1865870618574166
2024-05-24,1.1877755902587868
2024-05-27,1.1861938405969858
2024-05-28,1.1824396400828074
2024-05-29,1.1852416026090116
2024-05-30,1.19140377969401
2024-05-31,1.19140377969401
2024-06-03,1.19140377969401
2024-06-04,1.19140377969401
2024-06-05,1.19140377969401
2024-06-06,1.19140377969401
2024-06-07,1.19140377969401
2024-06-10,1.191364066234687
2024-06-11,1.2006817846125388
2024-06-12,1.2006817846125388
2024-06-13,1.2006817846125388
2024-06-14,1.2006817846125388
2024-06-17,1.2006817846125388
2024-06-18,1.2006817846125388
2024-06-19,1.2006817846125388
2024-06-20,1.2006817846125388
2024-06-21,1.2006817846125388
2024-06-24,1.2006817846125388
2024-06-25,1.2006817846125388
2024-06-26,1.2006417618863852
2024-06-27,1.2021191144194914
2024-06-28,1.2016188339125844
2024-07-01,1.202396394076662
2024-07-02,1.2012310365696466
2024-07-03,1.200406057523542
2024-07-04,1.2023191133932218
2024-07-05,1.2007334527488625
2024-07-08,1.198017765866412
2024-07-09,1.1986866962147273
2024-07-10,1.1970287553371817
2024-07-11,1.1964785665025246
2024-07-12,1.1979456070446088
2024-07-15,1.1968150803772089
2024-07-16,1.198158434680098
2024-07-17,1.2013639885585998
2024-07-18,1.1970262153061133
2024-07-19,1.198134963348909
2024-07-22,1.1943005690329462
2024-07-23,1.1956368378353432
2024-07-24,1.1988410804972982
2024-07-25,1.1949954659090174
2024-07-26,1.188973691305588
2024-07-29,1.195463652680332
2024-07-30,1.1905324137264188
2024-07-31,1.1971015573945372
2024-08-01,1.1997336200658535
2024-08-02,1.1988891346388382
2024-08-05,1.202556770243576
2024-08-06,1.1989105058640932
2024-08-07,1.1972203947949327
2024-08-08,1.2000147725003716
2024-08-09,1.202331003024609
2024-08-12,1.19897584320499
2024-08-13,1.198635343083679
2024-08-14,1.1997700737398114
2024-08-15,1.1970627052485912
2024-08-16,1.1986553525218158
2024-08-19,1.1999038509276356
2024-08-20,1.201611489121666
2024-08-21,1.2072979456978226
2024-08-22,1.2072979456978226
2024-08-23,1.2072979456978226
2024-08-26,1.2072979456978226
2024-08-27,1.2072979456978226
2024-08-28,1.2072979456978226
2024-08-29,1.2072979456978226
2024-08-30,1.207257702432966
2024-09-02,1.2063257003780938
2024-09-03,1.206864095109215
2024-09-04,1.2105782920731578
2024-09-05,1.2118176243876948
2024-09-06,1.2131094044307804
2024-09-09,1.2133329186177675
2024-09-10,1.218605407202497
2024-09-11,1.219915892675198
2024-09-12,1.219915892675198
2024-09-13,1.2198752288121089
2024-09-16,1.216605915689679
2024-09-17,1.2159205865085618
2024-09-18,1.2145791414531926
2024-09-19,1.2149578826737732
2024-09-20,1.2107971325413946
2024-09-23,1.205354232481237
2024-09-24,1.2129097885486053
2024-09-25,1.2141986269296217
2024-09-26,1.2141057121092351
2024-09-27,1.2124508820143807
2024-09-30,1.2131466238798565
2024-10-01,1.212265087638816
2024-10-02,1.2099394966170336
2024-10-03,1.2099678366408022
2024-10-04,1.2165917367485555
2024-10-07,1.2185875029048783
2024-10-08,1.2185875029048783
2024-10-09,1.2185468833214481
2024-10-10,1.2198319256973973
2024-10-11,1.220216508407064
2024-10-14,1.2200330509961934
2024-10-15,1.221248903045118
2024-10-16,1.2232118854716123
2024-10-17,1.2181644970208674
2024-10-18,1.2179540967077847
2024-10-21,1.2164696746271049
2024-10-22,1.2140248833547105
2024-10-23,1.2134234358568676
2024-10-24,1.2139270972652896
2024-10-25,1.2140592901212057
2024-10-28,1.2110741925090123
2024-10-29,1.210743718818198
2024-10-30,1.218567139434217
2024-10-31,1.2164156003672804
