,BTC,ETH,SOL,XRP,AVAX,MATIC
2025-09-02 08:00:00,111150.0,4310.25,209.41,2.8224,24.7,0.4277
2025-09-03 08:00:00,110489.0,4374.05,206.8,2.8275,24.74,0.4277
2025-09-04 08:00:00,113000.0,4415.25,207.9,2.846,24.83,0.4277
2025-09-05 08:00:00,110859.5,4312.1,203.15,2.8216,24.27,0.4277
2025-09-06 08:00:00,110764.0,4294.0,202.93,2.8315,24.55,0.4277
2025-09-07 08:00:00,111292.5,4291.55,207.9,2.9107,24.87,0.4277
2025-09-08 08:00:00,113047.5,4361.65,219.48,3.0205,25.9,0.4277
2025-09-09 08:00:00,112589.5,4328.8,222.41,2.98,26.94,0.4277
2025-09-10 08:00:00,114150.0,4442.8,223.45,3.0062,28.8,0.4277
2025-09-11 08:00:00,115200.5,4527.35,237.61,3.0699,28.72,0.4277
2025-09-12 08:00:00,115891.0,4714.45,242.64,3.1212,30.88,0.4277
2025-09-13 08:00:00,115895.0,4653.05,246.45,3.0874,29.94,0.4277
2025-09-14 08:00:00,115893.0,4600.3,238.02,3.0255,29.2,0.4277
2025-09-15 08:00:00,115868.5,4513.7,235.65,3.0079,30.6,0.4277
2025-09-16 08:00:00,117266.5,4544.8,237.82,3.037,30.15,0.4277
2025-09-17 08:00:00,117140.5,4577.7,244.99,3.0942,32.82,0.4277
2025-09-18 08:00:00,116964.5,4540.4,244.42,3.042,34.44,0.4277
2025-09-19 08:00:00,116016.5,4484.65,239.95,3.0119,33.95,0.4277
2025-09-20 08:00:00,115864.5,4479.7,240.24,3.0055,32.97,0.4277
2025-09-21 08:00:00,112622.0,4193.05,222.01,2.8095,30.55,0.4277
2025-09-22 08:00:00,113160.0,4205.65,219.25,2.8684,35.05,0.4277
2025-09-23 08:00:00,112618.5,4175.05,210.6,2.8759,34.16,0.4277
2025-09-24 08:00:00,111825.5,4008.6,204.2,2.8429,30.72,0.4277
2025-09-25 08:00:00,109350.0,3944.25,196.37,2.757,28.31,0.4277
2025-09-26 08:00:00,109479.5,4012.0,202.1,2.7822,28.69,0.4277
2025-09-27 08:00:00,109556.5,4016.55,202.22,2.7894,28.4,0.4277
2025-09-28 08:00:00,111948.5,4110.55,208.93,2.8893,29.59,0.4277
2025-09-29 08:00:00,113820.0,4185.65,209.13,2.8784,29.5,0.4277
2025-09-30 08:00:00,114611.0,4148.2,210.36,2.8568,30.03,0.4277
2025-10-01 08:00:00,118674.5,4380.15,223.07,2.9729,30.66,0.4277
2025-10-02 08:00:00,119788.0,4464.95,229.71,3.036,30.22,0.4277
2025-10-03 08:00:00,122502.0,4501.75,229.34,3.0229,30.82,0.4277
2025-10-04 08:00:00,124785.5,4606.9,236.83,3.066,31.08,0.4277
2025-10-05 08:00:00,123492.0,4535.35,231.44,2.976,30.31,0.4277
2025-10-06 08:00:00,123777.5,4682.85,231.19,2.9736,30.14,0.4277
2025-10-07 08:00:00,121637.5,4464.45,221.19,2.8606,28.31,0.4277
2025-10-08 08:00:00,121935.5,4426.95,224.64,2.8224,28.43,0.4277
2025-10-09 08:00:00,120949.5,4325.35,218.27,2.8063,28.23,0.4277
2025-10-10 08:00:00,110494.0,3761.7,182.93,2.4103,22.17,0.4277
2025-10-11 08:00:00,111651.0,3831.35,182.59,2.3918,21.43,0.4277
2025-10-12 08:00:00,115495.0,4180.45,196.85,2.6231,22.7,0.4277
2025-10-13 08:00:00,111790.5,3982.0,194.73,2.452,22.1,0.4277
2025-10-14 08:00:00,112684.5,4125.35,204.85,2.5097,22.86,0.4277
2025-10-15 08:00:00,110637.5,4005.4,193.0,2.412,21.88,0.4277
2025-10-16 08:00:00,105597.5,3756.55,177.8,2.2395,19.37,0.4277
2025-10-17 08:00:00,106824.5,3893.95,186.33,2.3536,20.16,0.4277
2025-10-18 08:00:00,106812.5,3889.3,186.01,2.3447,19.94,0.4277
2025-10-19 08:00:00,111249.5,4057.2,193.35,2.471,20.94,0.4277
2025-10-20 08:00:00,108119.5,3894.75,185.14,2.428,19.77,0.4277
2025-10-21 08:00:00,108350.0,3871.05,185.1,2.4125,19.58,0.4277
2025-10-22 08:00:00,109300.0,3882.4,187.55,2.4078,19.51,0.4277
2025-10-23 08:00:00,111138.0,3950.85,192.45,2.4401,19.49,0.4277
2025-10-24 08:00:00,111501.5,3928.8,194.12,2.5422,19.35,0.4277
2025-10-25 08:00:00,111786.5,3953.25,194.04,2.6217,19.71,0.4277
2025-10-26 08:00:00,115580.0,4203.65,202.64,2.6353,20.77,0.4277
2025-10-27 08:00:00,114224.5,4118.45,202.53,2.6384,20.31,0.4277
2025-10-28 08:00:00,113653.5,4026.05,195.8,2.6314,19.64,0.4277
2025-10-29 08:00:00,111420.0,3940.5,195.85,2.5847,19.83,0.4277
2025-10-30 08:00:00,109420.5,3829.6,185.3,2.4754,18.31,0.4277
2025-10-31 08:00:00,110004.0,3859.2,185.82,2.4997,18.42,0.4277
2025-11-01 08:00:00,110918.5,3906.65,187.7,2.5326,18.91,0.4277
2025-11-02 08:00:00,107459.5,3714.4,176.58,2.4162,17.5,0.4277
2025-11-03 08:00:00,104392.0,3494.0,156.91,2.2433,16.15,0.4277
2025-11-04 08:00:00,102006.5,3331.05,156.5,2.2464,16.6,0.4277
2025-11-05 08:00:00,103200.0,3380.75,158.84,2.3268,16.29,0.4277
2025-11-06 08:00:00,101931.5,3356.35,157.73,2.2334,16.91,0.4277
2025-11-07 08:00:00,102288.5,3446.15,161.02,2.3122,17.87,0.4277
2025-11-08 08:00:00,101903.5,3423.6,159.24,2.2948,17.01,0.4277
2025-11-09 08:00:00,106484.0,3609.55,167.36,2.4811,17.99,0.4277
2025-11-10 08:00:00,104757.5,3544.45,164.1,2.4476,17.57,0.4277
2025-11-11 08:00:00,103102.5,3429.2,155.04,2.375,17.14,0.4277
2025-11-12 08:00:00,103430.0,3537.95,155.34,2.4879,17.4,0.4277
2025-11-13 08:00:00,97013.5,3210.9,142.72,2.305,16.04,0.4277
2025-11-14 08:00:00,96226.0,3175.3,142.64,2.2795,15.61,0.4277
2025-11-15 08:00:00,95990.0,3218.15,142.24,2.2648,15.63,0.4277
2025-11-16 08:00:00,95590.0,3197.75,141.29,2.2634,15.67,0.4277
2025-11-17 08:00:00,90415.5,3022.95,136.84,2.159,14.49,0.4277
2025-11-18 08:00:00,91797.5,3083.75,140.53,2.1693,14.36,0.4277
2025-11-19 08:00:00,92249.5,3037.2,143.66,2.1386,14.37,0.4277
2025-11-20 08:00:00,83842.5,2716.1,127.5,1.9174,13.17,0.4277
2025-11-21 08:00:00,84494.0,2754.75,127.66,1.9513,13.27,0.4277
2025-11-22 08:00:00,85740.5,2792.5,128.85,2.0277,13.33,0.4277
2025-11-23 08:00:00,86966.0,2828.7,130.29,2.0634,13.46,0.4277
2025-11-24 08:00:00,87381.0,2901.95,136.35,2.2174,13.88,0.4277
2025-11-25 08:00:00,87906.5,2943.3,139.89,2.205,14.06,0.4277
2025-11-26 08:00:00,91403.5,3034.0,143.73,2.2054,14.96,0.4277
2025-11-27 08:00:00,90948.0,3001.15,138.96,2.1966,15.02,0.4277
2025-11-28 08:00:00,90597.5,3004.85,137.34,2.179,14.7,0.4277
2025-11-29 08:00:00,91026.5,3005.8,136.56,2.1984,14.14,0.4277
2025-11-30 08:00:00,86576.5,2841.3,127.45,2.0569,13.04,0.4277
2025-12-01 08:00:00,87020.5,2805.0,127.33,2.0138,13.02,0.4277
2025-12-02 08:00:00,93064.5,3059.0,141.98,2.1925,14.15,0.4277
2025-12-03 08:00:00,93464.5,3192.0,143.5,2.1721,14.76,0.4277
2025-12-04 08:00:00,92220.0,3173.45,139.75,2.0936,14.4,0.4277
2025-12-05 08:00:00,89599.5,3026.2,132.83,2.0308,13.25,0.4277
2025-12-06 08:00:00,89400.5,3038.15,132.11,2.0304,13.4,0.4277
2025-12-07 08:00:00,91571.5,3134.45,135.83,2.0841,13.68,0.4277
2025-12-08 08:00:00,90518.5,3123.0,133.19,2.061,13.58,0.4277
2025-12-09 08:00:00,92795.0,3328.75,139.22,2.0839,14.58,0.4277
2025-12-10 08:00:00,90290.0,3201.45,130.98,2.0065,13.44,0.4277
2025-12-11 08:00:00,92466.5,3245.25,139.16,2.0379,13.7,0.4277
2025-12-12 08:00:00,90315.5,3092.7,132.91,2.0286,13.32,0.4277
2025-12-13 08:00:00,90306.0,3117.0,133.26,2.0202,13.21,0.4277
2025-12-14 08:00:00,89775.0,3129.55,132.4,1.9962,13.17,0.4277
2025-12-15 08:00:00,86011.0,2922.85,125.57,1.8744,12.19,0.4277
2025-12-16 08:00:00,87037.0,2947.55,128.27,1.9239,12.22,0.4277
2025-12-17 08:00:00,86821.0,2834.45,122.73,1.8406,11.75,0.4277
2025-12-18 08:00:00,87926.0,2950.3,124.39,1.8667,11.9,0.4277
2025-12-19 08:00:00,88283.0,2982.0,126.2,1.9127,12.33,0.4277
2025-12-20 08:00:00,88158.0,2981.15,125.26,1.924,12.17,0.4277
2025-12-21 08:00:00,89191.5,3030.4,126.32,1.926,12.2,0.4277
2025-12-22 08:00:00,87521.5,2963.0,124.26,1.8838,12.21,0.4277
2025-12-23 08:00:00,86878.0,2931.2,121.42,1.8558,11.99,0.4277
2025-12-24 08:00:00,87822.0,2941.0,122.32,1.8746,12.26,0.4277
2025-12-25 08:00:00,88460.0,2956.2,122.66,1.8625,12.4,0.4277
2025-12-26 08:00:00,87508.5,2932.3,123.24,1.8469,12.45,0.4277
2025-12-27 08:00:00,87704.5,2938.35,124.19,1.8742,12.78,0.4277
2025-12-28 08:00:00,89538.0,3017.3,127.8,1.9006,13.0,0.4277
2025-12-29 08:00:00,87393.5,2947.8,123.92,1.8582,12.41,0.4277
2025-12-30 08:00:00,88529.0,2974.5,125.9,1.8693,12.52,0.4277
2025-12-31 08:00:00,87506.5,2974.45,124.2,1.8427,12.27,0.4277
2026-01-01 08:00:00,88798.5,3014.0,127.04,1.8704,13.36,0.4277
2026-01-02 08:00:00,89585.0,3089.05,130.08,1.9936,13.76,0.4277
2026-01-03 08:00:00,91534.5,3139.45,133.8,2.0716,14.09,0.4277
2026-01-04 08:00:00,92553.5,3157.5,135.37,2.1323,14.29,0.4277
2026-01-05 08:00:00,93259.0,3218.65,137.61,2.3307,14.24,0.4277
2026-01-06 08:00:00,92839.5,3253.55,139.18,2.2784,14.49,0.4277
2026-01-07 08:00:00,90430.0,3123.45,135.77,2.1167,13.88,0.4277
2026-01-08 08:00:00,90677.5,3108.4,139.54,2.1176,14.01,0.4277
2026-01-09 08:00:00,90566.0,3089.35,135.99,2.0981,13.65,0.4277
2026-01-10 08:00:00,90624.5,3091.4,136.09,2.0903,13.79,0.4277
2026-01-11 08:00:00,91315.0,3132.35,141.27,2.0498,13.73,0.4277
2026-01-12 08:00:00,91899.0,3118.8,139.9,2.0508,13.7,0.4277
2026-01-13 08:00:00,95254.5,3335.95,144.82,2.149,14.68,0.4277
2026-01-14 08:00:00,96643.5,3330.25,144.93,2.0999,14.34,0.4277
2026-01-15 08:00:00,95657.0,3308.75,142.89,2.0734,13.8,0.4277
2026-01-16 08:00:00,95084.0,3290.0,143.65,2.0577,13.58,0.4277
2026-01-17 08:00:00,95013.0,3306.7,142.12,2.0523,13.63,0.4277
2026-01-18 08:00:00,92794.5,3204.8,133.52,1.9609,12.61,0.4277
2026-01-19 08:00:00,91117.0,3119.5,130.61,1.9484,12.55,0.4277
2026-01-20 08:00:00,89167.5,2965.4,127.66,1.9076,12.22,0.4277
2026-01-21 08:00:00,89748.0,2998.05,129.71,1.9474,12.44,0.4277
2026-01-22 08:00:00,89460.5,2945.0,127.83,1.913,12.12,0.4277
2026-01-23 08:00:00,89525.0,2953.35,127.06,1.9169,12.11,0.4277
2026-01-24 08:00:00,88560.0,2935.7,126.29,1.8917,11.89,0.4277
2026-01-25 08:00:00,87929.5,2901.25,122.76,1.88,11.66,0.4277
2026-01-26 08:00:00,88237.5,2926.6,124.32,1.8959,11.73,0.4277
2026-01-27 08:00:00,89086.5,3002.55,126.94,1.9141,12.14,0.4277
2026-01-28 08:00:00,88244.5,2957.45,123.57,1.8829,11.78,0.4277
2026-01-29 08:00:00,82627.5,2735.55,115.71,1.7557,10.94,0.4277
2026-01-30 08:00:00,83413.0,2676.35,117.14,1.7167,10.63,0.4277
2026-01-31 08:00:00,78278.0,2408.0,105.01,1.659,10.21,0.4277
2026-02-01 08:00:00,76547.0,2225.8,101.28,1.5794,9.88,0.4277
2026-02-02 08:00:00,78712.5,2321.0,104.54,1.6164,10.14,0.4277
2026-02-03 08:00:00,76429.5,2281.9,97.79,1.6039,10.14,0.4277
2026-02-04 08:00:00,70573.5,2086.9,90.46,1.4306,9.48,0.4277
2026-02-05 08:00:00,64711.5,1896.8,79.5,1.2903,8.403,0.4277
2026-02-06 08:00:00,68061.5,2027.0,85.25,1.4123,8.994,0.4277
2026-02-07 08:00:00,69647.5,2083.05,87.32,1.4203,9.131,0.4277
2026-02-08 08:00:00,70380.5,2064.85,85.38,1.4243,9.031,0.4277
2026-02-09 08:00:00,68866.5,2005.9,84.53,1.4221,8.816,0.4277
2026-02-10 08:00:00,66955.0,1949.6,80.93,1.3663,8.585,0.4277
2026-02-11 08:00:00,67181.5,1967.25,80.72,1.3818,8.816,0.4277
2026-02-12 08:00:00,66140.0,1933.4,78.92,1.3521,8.809,0.4277
2026-02-13 08:00:00,69180.0,2056.0,85.13,1.4217,9.191,0.4277
2026-02-14 08:00:00,70760.0,2090.4,90.63,1.6473,9.692,0.4277
2026-02-15 08:00:00,68562.0,1970.25,84.93,1.4598,9.249,0.4277
2026-02-16 08:00:00,68337.0,1984.85,86.4,1.4725,9.194,0.4277
2026-02-17 08:00:00,68100.0,2017.55,85.29,1.4858,9.137,0.4277
2026-02-18 08:00:00,67180.5,1980.45,82.33,1.4312,8.899,0.4277
2026-02-19 08:00:00,67785.5,1958.95,83.48,1.4171,9.191,0.4277
2026-02-20 08:00:00,67849.0,1962.3,84.15,1.4312,9.145,0.4277
2026-02-21 08:00:00,67966.0,1976.05,85.23,1.4214,9.014,0.4277
2026-02-22 08:00:00,65947.5,1884.5,79.33,1.3715,8.567,0.4277
2026-02-23 08:00:00,63141.0,1824.05,76.82,1.3251,8.237,0.4277
2026-02-24 08:00:00,65007.5,1893.7,82.21,1.3657,8.558,0.4277
2026-02-25 08:00:00,67807.5,2053.6,87.26,1.4348,9.32,0.4277
2026-02-26 08:00:00,67648.5,2031.95,87.31,1.4174,9.397,0.4277
2026-02-27 08:00:00,63782.5,1865.8,78.72,1.3031,8.648,0.4277
2026-02-28 08:00:00,67116.5,2007.15,86.62,1.3982,9.214,0.4277
2026-03-01 08:00:00,66017.0,1941.0,82.97,1.3473,8.934,0.4277
2026-03-02 08:00:00,68158.5,1995.85,85.59,1.3637,9.111,0.4277
2026-03-03 08:00:00,69523.0,2007.4,87.52,1.3749,9.187,0.4277
2026-03-04 08:00:00,72080.5,2105.9,90.19,1.4139,9.356,0.4277
2026-03-05 08:00:00,71053.5,2083.55,88.71,1.4081,9.457,0.4277
2026-03-06 08:00:00,67838.0,1982.85,84.4,1.3667,9.013,0.4277
2026-03-07 08:00:00,67327.0,1954.75,82.95,1.3593,8.877,0.4277
2026-03-08 08:00:00,67538.5,1983.85,83.15,1.34,9.061,0.4277
2026-03-09 08:00:00,70419.0,2050.95,86.76,1.3864,9.391,0.4277
2026-03-10 08:00:00,69662.5,2012.6,85.5,1.379,9.514,0.4277
2026-03-11 08:00:00,69832.0,2041.25,85.82,1.3766,9.584,0.4277
2026-03-12 08:00:00,71660.5,2100.95,88.77,1.4166,9.859,0.4277
2026-03-13 08:00:00,70636.0,2078.0,87.39,1.394,9.602,0.4277
2026-03-14 08:00:00,71483.0,2106.2,88.22,1.4084,9.712,0.4277
2026-03-15 08:00:00,73477.5,2250.15,93.7,1.4848,10.345,0.4277
2026-03-16 08:00:00,74273.0,2329.1,94.47,1.5304,10.312,0.4277
2026-03-17 08:00:00,73910.5,2318.65,93.97,1.5205,10.244,0.4277
2026-03-18 08:00:00,70201.5,2166.1,89.4,1.46,9.518,0.4277
2026-03-19 08:00:00,70856.0,2151.6,89.38,1.454,9.537,0.4277
2026-03-20 08:00:00,70731.5,2155.85,90.11,1.4456,9.58,0.4277
2026-03-21 08:00:00,68904.0,2094.05,87.68,1.4046,9.199,0.4277
2026-03-22 08:00:00,68306.0,2044.05,85.93,1.3751,9.04,0.4277
2026-03-23 08:00:00,71293.5,2165.75,91.7,1.4312,9.601,0.4277
2026-03-24 08:00:00,70921.0,2164.4,91.82,1.4201,9.65,0.4277
2026-03-25 08:00:00,70080.5,2123.05,89.09,1.3841,9.445,0.4277
2026-03-26 08:00:00,68521.5,2062.8,85.84,1.356,9.074,0.4277
2026-03-27 08:00:00,66503.0,2005.5,83.6,1.3363,8.801,0.4277
2026-03-28 08:00:00,66658.5,2004.55,82.46,1.3327,8.773,0.4277
2026-03-29 08:00:00,67585.5,2061.85,83.96,1.3574,8.899,0.4277
2026-03-30 08:00:00,67331.5,2054.65,83.06,1.3181,8.907,0.4277
2026-03-31 08:00:00,68671.0,2129.75,83.81,1.3556,9.341,0.4277
2026-04-01 08:00:00,66910.5,2054.3,79.63,1.317,8.743,0.4277
2026-04-02 08:00:00,67040.5,2066.1,79.92,1.3182,8.88,0.4277
2026-04-03 08:00:00,67024.0,2053.4,80.27,1.3162,8.877,0.4277
2026-04-04 08:00:00,66813.5,2036.35,79.61,1.2976,8.8,0.4277
2026-04-05 08:00:00,69113.0,2135.15,81.79,1.344,9.39,0.4277
2026-04-06 08:00:00,68615.0,2103.7,79.86,1.3117,8.632,0.4277
2026-04-07 08:00:00,71655.5,2254.85,84.45,1.3783,9.408,0.4277
2026-04-08 08:00:00,70964.5,2180.55,82.25,1.3308,9.073,0.4277
2026-04-09 08:00:00,71480.5,2179.95,82.97,1.3365,9.293,0.4277
2026-04-10 08:00:00,72784.5,2234.05,84.29,1.347,9.282,0.4277
2026-04-11 08:00:00,71690.5,2219.2,82.39,1.3304,9.028,0.4277
2026-04-12 08:00:00,70824.0,2186.75,82.14,1.3272,9.052,0.4277
2026-04-13 08:00:00,74623.0,2379.2,86.06,1.3689,9.413,0.4277
2026-04-14 08:00:00,73765.5,2317.0,82.94,1.3524,9.28,0.4277
2026-04-15 08:00:00,74743.5,2342.15,85.24,1.4057,9.506,0.4277
2026-04-16 08:00:00,75069.5,2334.15,88.1,1.4378,9.596,0.4277
2026-04-17 08:00:00,77048.0,2404.6,88.52,1.4737,9.707,0.4277
2026-04-18 08:00:00,75309.0,2315.35,84.95,1.4211,9.224,0.4277
2026-04-19 08:00:00,74845.0,2298.05,84.72,1.4143,9.213,0.4277
2026-04-20 08:00:00,76129.5,2318.55,85.78,1.4411,9.355,0.4277
2026-04-21 08:00:00,78006.5,2390.05,88.11,1.455,9.577,0.4277
2026-04-22 08:00:00,78055.5,2344.15,85.93,1.4207,9.285,0.4277
2026-04-23 08:00:00,77692.5,2312.8,85.5,1.4334,9.375,0.4277
2026-04-24 08:00:00,77503.0,2317.0,86.42,1.4335,9.459,0.4277
2026-04-25 08:00:00,78113.5,2331.25,86.64,1.4281,9.417,0.4277
2026-04-26 08:00:00,77629.5,2316.0,85.32,1.4168,9.26,0.4277
2026-04-27 08:00:00,76842.0,2286.9,84.01,1.3902,9.174,0.4277
2026-04-28 08:00:00,77024.0,2323.85,84.682,1.3927,9.297,0.4277
2026-04-29 08:00:00,76112.5,2258.5,83.302,1.374,9.153,0.4277
2026-04-30 08:00:00,77173.5,2279.15,83.982,1.3751,9.104,0.4277
2026-05-01 08:00:00,78218.0,2300.95,83.74,1.3837,9.098,0.4277
2026-05-02 08:00:00,78374.0,2309.15,83.87,1.3864,9.074,0.4277
2026-05-03 08:00:00,79705.5,2363.0,84.882,1.4131,9.254,0.4277
2026-05-04 08:00:00,80864.5,2380.55,84.909,1.4067,9.346,0.4277
2026-05-05 08:00:00,81346.5,2371.05,87.688,1.4308,9.56,0.4277
2026-05-06 08:00:00,81537.0,2344.1,90.198,1.4198,9.679,0.4277
2026-05-07 08:00:00,79683.5,2281.05,88.233,1.3837,9.519,0.4277
2026-05-08 08:00:00,80258.5,2315.4,93.808,1.4246,9.942,0.4277
2026-05-09 08:00:00,80739.0,2327.6,93.478,1.4192,9.93,0.4277
2026-05-10 08:00:00,80756.5,2330.45,95.298,1.4487,10.086,0.4277
2026-05-11 08:00:00,80854.0,2295.25,96.0,1.4619,10.01,0.4277
2026-05-12 08:00:00,81003.5,2301.05,95.128,1.4616,9.985,0.4277
2026-05-13 08:00:00,79718.5,2264.85,90.886,1.4319,9.713,0.4277
2026-05-14 08:00:00,80830.0,2264.85,91.63,1.4711,9.824,0.4277
2026-05-15 08:00:00,78338.5,2194.0,87.438,1.4165,9.341,0.4277
2026-05-16 08:00:00,78121.5,2185.75,86.97,1.419,9.305,0.4277
2026-05-17 08:00:00,77022.5,2119.75,84.783,1.3859,9.116,0.4277
2026-05-18 08:00:00,77160.5,2139.45,85.425,1.3885,9.289,0.4277
2026-05-19 08:00:00,77220.5,2127.5,84.71,1.3669,9.197,0.4277
2026-05-20 08:00:00,77840.0,2133.95,86.626,1.3742,9.472,0.4277
2026-05-21 08:00:00,77334.0,2125.9,86.967,1.3653,9.505,0.4277
2026-05-22 08:00:00,74502.0,2026.35,82.179,1.312,8.921,0.4277
2026-05-23 08:00:00,76709.5,2119.1,85.987,1.3578,9.322,0.4277
2026-05-24 08:00:00,77317.5,2113.7,85.88,1.3574,9.311,0.4277
2026-05-25 08:00:00,76652.5,2093.45,84.293,1.3414,9.275,0.4277
2026-05-26 08:00:00,75867.0,2080.9,84.115,1.3297,9.182,0.4277
2026-05-27 08:00:00,73388.0,1991.4,81.16,1.2907,8.83,0.4277
2026-05-28 08:00:00,73479.0,2006.25,82.185,1.3158,8.92,0.4277
2026-05-29 08:00:00,73461.0,2014.25,82.259,1.3419,8.903,0.4277
2026-05-30 08:00:00,73782.0,2021.9,82.575,1.3335,8.97,0.4277
2026-05-31 08:00:00,72711.0,1974.05,80.684,1.3028,8.79,0.4277
2026-06-01 08:00:00,70018.0,1979.85,79.61,1.2679,8.728,0.4277
2026-06-02 08:00:00,67120.5,1875.95,75.16,1.2442,8.32,0.4277
2026-06-03 08:00:00,63521.0,1776.15,69.091,1.168,7.824,0.4277
2026-06-04 08:00:00,63040.0,1677.6,66.099,1.1357,7.29,0.4277
2026-06-05 08:00:00,60963.5,1574.1,62.73,1.0922,6.671,0.4277
2026-06-06 08:00:00,62370.5,1613.9,64.91,1.1355,6.825,0.4277
2026-06-07 08:00:00,63224.0,1671.9,66.08,1.1495,6.7,0.4277
2026-06-08 08:00:00,63155.5,1678.65,66.87,1.1708,6.753,0.4277
2026-06-09 08:00:00,61617.0,1639.05,64.46,1.1167,6.57,0.4277
2026-06-10 08:00:00,62655.0,1652.9,64.918,1.1147,6.584,0.4277
2026-06-11 08:00:00,62995.0,1659.15,66.39,1.1329,6.557,0.4277
2026-06-12 08:00:00,63801.5,1675.7,67.332,1.1409,6.666,0.4277
2026-06-13 08:00:00,64397.5,1675.3,68.197,1.1463,6.654,0.4277
2026-06-14 08:00:00,65635.5,1716.0,71.179,1.181,6.753,0.4277
2026-06-15 08:00:00,66342.0,1773.4,74.457,1.2354,6.915,0.4277
2026-06-16 08:00:00,65479.5,1783.55,73.207,1.2067,6.893,0.4277
2026-06-17 08:00:00,64464.5,1748.45,71.705,1.1775,6.671,0.4277
2026-06-18 08:00:00,62542.5,1693.85,68.35,1.1266,5.981,0.4277
2026-06-19 08:00:00,63580.0,1724.4,71.503,1.1472,6.134,0.4277
2026-06-20 08:00:00,64143.5,1730.65,73.156,1.146,6.281,0.4277
2026-06-21 08:00:00,64143.0,1744.5,74.052,1.137,6.285,0.4277
2026-06-22 08:00:00,62800.5,1680.65,69.945,1.1132,6.154,0.4277
2026-06-23 08:00:00,62581.5,1670.15,69.288,1.0979,6.385,0.4277
2026-06-24 08:00:00,61790.0,1655.2,69.377,1.0852,6.525,0.4277
2026-06-25 08:00:00,60499.0,1578.25,70.681,1.049,6.305,0.4277
2026-06-26 08:00:00,60476.5,1582.75,72.211,1.0581,6.555,0.4277
2026-06-27 08:00:00,60149.5,1573.45,71.042,1.0498,6.333,0.4277
2026-06-28 08:00:00,59945.0,1577.75,72.639,1.0484,6.543,0.4277
2026-06-29 08:00:00,59455.0,1590.35,74.198,1.048,6.573,0.4277
2026-06-30 08:00:00,58696.0,1576.25,74.819,1.042,6.645,0.4277
2026-07-01 08:00:00,60080.5,1614.4,77.877,1.058,6.663,0.4277
2026-07-02 08:00:00,61722.5,1716.55,81.18,1.1015,6.833,0.4277
2026-07-03 08:00:00,62545.0,1757.05,82.718,1.1416,6.858,0.4277
2026-07-04 08:00:00,62985.5,1769.05,80.719,1.1411,6.82,0.4277
2026-07-05 08:00:00,63053.0,1771.45,80.795,1.1447,6.931,0.4277
2026-07-06 08:00:00,63049.5,1770.2,81.465,1.1267,6.764,0.4277
2026-07-07 08:00:00,62856.5,1756.15,78.271,1.0931,6.444,0.4277
2026-07-08 08:00:00,62979.5,1752.3,78.153,1.0965,6.73,0.4277
2026-07-09 08:00:00,63958.5,1773.15,78.878,1.1046,6.751,0.4277
2026-07-10 08:00:00,64150.5,1799.1,77.968,1.1074,6.712,0.4277
2026-07-11 08:00:00,63871.5,1797.85,76.525,1.0908,6.375,0.4277
2026-07-12 08:00:00,62964.5,1786.65,76.45,1.0801,6.512,0.4277
2026-07-13 08:00:00,62484.5,1779.4,74.923,1.0677,6.476,0.4277
2026-07-14 08:00:00,64542.5,1869.7,77.371,1.1032,6.62,0.4277
2026-07-15 08:00:00,64202.0,1909.9,76.405,1.1036,6.625,0.4277
2026-07-16 08:00:00,62777.5,1827.15,74.59,1.0832,6.471,0.4277
2026-07-17 08:00:00,63984.0,1843.45,74.92,1.0878,6.601,0.4277
2026-07-18 08:00:00,64695.5,1869.25,76.089,1.0948,6.549,0.4277
2026-07-19 08:00:00,64225.5,1862.4,76.196,1.0894,6.539,0.4277
2026-07-20 08:00:00,66174.5,1933.8,78.56,1.1352,6.676,0.4277
2026-07-21 08:00:00,65830.5,1913.75,77.09,1.1301,6.496,0.4277
2026-07-22 08:00:00,65417.5,1915.15,77.159,1.1334,6.549,0.4277
2026-07-23 08:00:00,65451.0,1895.05,76.04,1.1133,6.279,0.4277
2026-07-24 08:00:00,63939.5,1854.45,73.78,1.0874,6.239,0.4277
2026-07-25 08:00:00,64319.0,1880.3,74.835,1.0984,6.78,0.4277
2026-07-26 08:00:00,65204.0,1963.85,76.457,1.1083,6.682,0.4277
2026-07-27 08:00:00,63435.5,1882.05,73.253,1.0555,6.435,0.4277
2026-07-28 08:00:00,64500.0,1922.6,74.219,1.0881,6.415,0.4277
2026-07-29 08:00:00,63951.0,1901.15,73.35,1.0756,6.419,0.4277
2026-07-30 08:00:00,63888.0,1888.4,73.6,1.079,6.455,0.4277
2026-07-31 08:00:00,62996.0,1868.35,72.948,1.0613,6.377,0.4277
2026-08-01 08:00:00,63436.0,1874.3,73.405,1.084,6.606,0.4277
2026-08-02 08:00:00,62552.5,1842.0,72.449,1.0681,6.395,0.4277
2026-08-03 08:00:00,63650.0,1862.75,73.641,1.078,6.822,0.4277
2026-08-04 08:00:00,64125.5,1871.25,73.94,1.0664,6.676,0.4277
2026-08-05 08:00:00,64773.0,1908.3,73.841,1.0483,6.686,0.4277
2026-08-06 08:00:00,64263.5,1901.35,72.915,1.0282,6.406,0.4277
2026-08-07 08:00:00,64931.5,1914.95,74.8,1.0343,6.515,0.4277
2026-08-08 08:00:00,64769.0,1918.15,76.315,1.0367,6.479,0.4277
2026-08-09 08:00:00,65164.5,1924.45,76.966,1.0367,6.527,0.4277
2026-08-10 08:00:00,64022.0,1875.95,75.619,1.0047,6.475,0.4277
2026-08-11 08:00:00,63804.0,1890.05,76.213,1.019,6.227,0.4277
2026-08-12 08:00:00,63818.5,1893.8,76.368,1.0128,6.512,0.4277
2026-08-13 08:00:00,62852.0,1871.95,75.567,1.0048,6.371,0.4277
2026-08-14 08:00:00,62996.5,1878.8,75.169,1.0022,6.616,0.4277
2026-08-15 08:00:00,62997.5,1879.6,75.423,1.0018,6.326,0.4277
2026-08-16 08:00:00,63481.5,1900.05,75.74,1.0023,6.355,0.4277
2026-08-17 08:00:00,64147.5,1896.65,75.988,0.9954,6.303,0.4277
2026-08-18 08:00:00,64265.0,1914.9,76.934,1.0027,6.353,0.4277
2026-08-19 08:00:00,69800.0,2251.75,86.078,1.1113,6.798,0.4277
2026-08-20 08:00:00,76311.0,2372.7,90.381,1.3142,7.461,0.4277
2026-08-21 08:00:00,77321.0,2433.4,94.461,1.5634,7.597,0.4277
2026-08-22 08:00:00,76032.5,2388.8,92.504,1.4621,7.363,0.4277
2026-08-23 08:00:00,77318.0,2454.8,94.11,1.4758,7.46,0.4277
2026-08-24 08:00:00,79704.0,2479.05,100.28,1.4845,7.527,0.4277
2026-08-25 08:00:00,78932.5,2461.8,96.945,1.4331,7.362,0.4277
2026-08-26 08:00:00,79100.0,2497.95,101.79,1.4126,7.375,0.4277
2026-08-27 08:00:00,79671.0,2499.0,106.389,1.4214,7.403,0.4277
2026-08-28 08:00:00,77639.0,2436.55,103.756,1.3839,7.272,0.4277
2026-08-29 08:00:00,78135.5,2456.1,104.835,1.392,7.326,0.4277
2026-08-30 08:00:00,78222.5,2441.05,102.959,1.3732,7.213,0.4277
2026-08-31 08:00:00,78649.5,2472.65,103.147,1.3803,7.314,0.4277
2026-09-01 08:00:00,77465.5,2416.85,99.794,1.3456,7.22,0.4277
2026-09-02 08:00:00,77362.0,2392.3,99.746,1.3502,7.189,0.4277
